﻿DCODE,TEL,PARK_NAME,LOCATION,OPEN_CLOSE,AREA,X,Y,URL
1030,0-2537-9221,สวนวิชริเบญจทัศ,ถนนกำแพงเพชร 3 แขวงลาดยาว เขตจตุจักร,เวลาเปิด 05.00 -21.00 น.,375,667945.621,1527556.997, 
1030,0-2272-4374,สวนสมเด็จพระนางเ,ถนนกำแพงเพชร 2แขวงลาดยาว เขตจตุจักร,เวลาเปิด 05.00 -16.30 น.,196.16,667598.858,1526875.709, 
1030,0-2272-4575,สวนจตุจักร,ถนนกำแพงเพชร 3 แขวงจตุจักร เขตจตุจัก,เวลาเปิด 05.00 -21.00 น.,155.14,668223.031,1527096.007, 
1007,0-2252-7006,สวนลุมพินี,ถนนพระรามที่ 4 แขวงลุมพินี เขตปทุมวั,เวลาเปิด 05.00 -21.00 น.,360,666669.766,1518544.208, 
1001,0-2221-0195,สวนสราญรมย์,ถนนเจริญกรุง แขวงพระบรมมหาราชวัง เ,เวลาเปิด 05.00 -21.00 น.,23,661660.503,1520381.414, 
1001,0-2221-5181,สวนรมณีนาถ,ถนนศิริพงษ์ แขวงสำราญราษฎร์ เขตพระ,เวลาเปิด 05.00 -21.00 น.,29.93,662461.807,1520466.99, 
1027,0-2379-7884,สวนเสรีไทย,ถนนเสรีไทย แขวงคลองกุ่ม เขตบึงกุ่ม,เวลาเปิด 05.00 -20.00 น.,350,680676.56,1524595.714, 
1037,0-2245-2461,สวนสันติภาพ,ถนนราชวิถี แขวงพญาไท เขตราชเทวี,เวลาเปิด 05.00 -21.00 น.,20.2,666580.549,1521909.621, 
1032,0-2328-1395,สวนหลวง ร.9,ถนนเฉลิมพระเกียรติ ร.9 แขวงหนองบอน เ,เวลาเปิด 05.00 -19.00 น.,500,679858.093,1513872.277, 
1033,0-2262-0810,อุทยานเบญจสิริ,ถนนสุขุมวิท แขวงคลองตัน เขตคลองเตย,เวลาเปิด 05.00 -21.00 น.,29,669478.126,1518474.541, 
1011,0-2326-9994,สวนพระนคร,ถนนอ่อนนุช แขวงลาดกระบัง เขตลาดกระ,เวลาเปิด 05.00 -20.00 น.,50,692607.963,1517403.738, 
1003,0-2543-1082,สวนหนองจอก,ถนนเลียบวารี แขวงกระทุ่มลาย เขตหนอ,เวลาเปิด 05.00 -20.00 น.,35.5,700911.665,1532226.697, 
1049,0-2426-3210,สวนธนบุรีรมย์,ถนนพุทธบูชา แขวงบางมด เขตทุ่งครุ,เวลาเปิด 05.00 -21.00 น.,63.03,661312.842,1509741.86, 
1031,0-2289-1578,สวนสาธารณะเฉลิมพ,ถนนพระรามที่ 3 แขวงบางโคล่ เขตบางคอแ,เวลาเปิด 05.00 -21.00 น.,29,664142.778,1513534.369, 
1001,0-2221-0195,สวนสันติชัยปรากา,ถนนพระอาทิตย์ แขวงบางลำภู เขตพระนค,เวลาเปิด 05.00 -21.00 น.,8.5,661705.682,1522140.638, 
1033,0-2254-1263,สวนเบญจกิติ,ถนนรัชดาภิเษก แขวงคลองเตย เขตคลองเ,เวลาเปิด 05.00 -21.00 น.,130,668680.727,1518042.531, 
1002,0-2537-8937,สวนสาธารณะเฉลิมพ,ถนนทหาร แขวงถนนนครชัยศรี  เขตดุสิต,เวลาเปิด 05.00 -21.00 น.,10,664377.568,1525884.864, 
1036,0-2565-5510,สวนรมณีย์ทุ่งสีก,ถนนเวฬุนาราม แขวงทุ่งสีกัน เขตดอนเ,เวลาเปิด 05.00 -21.00 น.,29.93,669383.27,1540449.298, 
1005,0-2551-0612,สวนกีฬารามอินทรา,ถนนรามอินทราซอย5 แขวงอนุสาวรีย์ เขต,เวลาเปิด 05.00 -21.00 น.,59.09,675083.02,1534885.045, 
1032,0-2337-5077,สวน 50พรรษามหาจักร,ถนนเฉลิมพระเกียรติร.9 ซอย 28แขวงดอกไม,เวลาเปิด 05.00 -21.00 น.,20.12,681138.696,1512518.68, 
1048,0-2487-3199,สวนทวีวนารมย์,ถนนเลียบคองทวีวัฒนา แขวงทวีวัฒนา เ,เวลาเปิด 05.00 -22.00 น.,51,646381.305,1519657.072, 
1032,0-2398-4084,สวนวนธนนม (70พรรษา),ถนนเฉลิมพระเกียรติ ร.9ซอย 7 แขวงหนองบ,เวลาเปิด 05.00 -21.00 น.,38.25,679089.286,1513349.86, 
1011,0-2543-9793,สวน60พรรษาสมเด็จพร,ถนนเคหะร่มเกล้า แขวงคลองนุ่น เขตลา,เวลาเปิด 05.00 -21.00 น.,52.42,687303.994,1522217.45, 
1025,0-2465-5009,สวนหลวงพระราม8,ถนนอรุณอัมรินทร์ แขวงบางยี่ขัน เขต,เวลาเปิด 05.00 -21.00 น.,24,661810.054,1522664.49, 
1017,0-246-5009,สวนพรรณภิรมย์,ถนนพระรามที่9 แขวงบางยี่ขัน เขตบางพ,เวลาเปิด 05.00 -21.00 น.,14,672185.531,1520810.287, 
1027,0-2377-1972,สวนนวมินทร์ภิรมย,ถนนศรีบูรพา แขวงคลองกุ่ม เขตบึงกุ่,เวลาเปิด 05.00 -21.00 น.,76.09,679151.178,1524132.423, 
1001,0-2221-0195,สวนนาคราภิรมย์,ถนนมหาราช แขวงพระบรมมหาราชวัง เขตพ,เวลาเปิด 05.00 -21.00 น.,3.17,661122.287,1520194.132, 
1020,-,สวนสิรินธรา พฤกษา,ถนนจรัญสนิทวงศ์ แขวงบางขุนศรี เขตบ,เวลาเปิด 05.00 -21.00 น.,3.04,658294.36,1520324.722, 
1028,-,สวนสาธารณะเฉลิมพ,ถนนสาทร แขวงทุ่งมหาเมฆ เขตสาทร,เวลาเปิด 05.00 -21.00 น.,17.64,666928.446,1517140.912, 
1045,-,สวนสาธารณะบึงน้ำ,ถนนลาดพร้าว แขวงลาดพร้าว เขตลาดพร้,เวลาเปิด 05.00 -21.00 น.,21.17,674239.472,1525604.04, 
