﻿ลำดับ,ชื่อสวนสาธารณะ,สถานที่ตั้ง,เขต,ขนาดพื้นที่,,
,,,,ไร่,งาน,วา
1, สวนสาธารณะศูนย์กีฬาบึงหนองบอน, ถนนเฉลิมพระเกียรติ ร.9 แขวงหนองบอน เขตประเวศ, เขตประเวศ,644,1,37.5
2, สวนหลวง ร.๙, ถนนเฉลิมพระเกียรติ ร.9 แขวงหนองบอน เขตประเวศ, เขตประเวศ,500,0,0
3, สวนเบญจกิติ, ถนนรัชดาภิเษก แขวงคลองเตย เขตคลองเตย, เขตคลองเตย,450,0,0
4, สวนวชิรเบญจทัศ, ถนนกำแพงเพชร 3 แขวงลาดยาว เขตจตุจักร, เขตจตุจักร,375,0,0
5, สวนลุมพินี, ถนนพระราม 4 แขวงวังใหม่ เขตปทุมวัน, เขตปทุมวัน,360,0,0
6, สวนเสรีไทย, ถนนเสรีไทย แขวงคลองกุ่ม เขตบึงกุ่ม, เขตบึงกุ่ม,208,0,0
7, สวนสมเด็จพระนางเจ้าสิริกิติ์ฯ, ถนนกำแพงเพชร 2 แขวงลาดยาว เขตจตุจักร, เขตจตุจักร,196,3,65
8, สวนจตุจักร, ถนนกำแพงเพชร 3 แขวงจตุจักร เขตจตุจักร, เขตจตุจักร,155,0,56.6
9, สวนวารีภิรมย์, ถนนประชาร่วมใจ 47 แขวงทรายกองดินใต้ เขตคลองสามวา, เขตคลองสามวา,121,3,38
10, สวนเฉลิมพระเกียรติพระบาทสมเด็จพระเจ้าอยู่หัว เนื่องในโอกาสพระราชพิธีมหามงคลเฉลิม พระชนมพรรษา7 รอบ, ถนนพระราม 2 แขวงบางบอน เขตบางบอน, เขตบางบอน,100,0,0
11, สวนนวมินทร์ภิรมย์ (บึงลำพังพวย), ถนนศรีบูรพา แขวงคลองกุ่ม เขตบึงกุ่ม, เขตบึงกุ่ม,76,0,39.3
12, สวนบางแคภิรมย์, ถนนเพชรเกษม 69 แขวงหลักสอง เขตบางแค, เขตบางแค,67,1,68
13, สวนธนบุรีรมย์, ถนนพุทธบูชา แขวงบางมด เขตทุ่งครุ, เขตทุ่งครุ,63,1,20
14, สวนกีฬารามอินทรา, ถนนรามอินทรา ซอย 5 แขวงอนุสาวรีย์ เขตบางเขน, เขตบางเขน,59,0,36
15, สวนทวีวนารมย์, ถนนเลียบคลองทวีวัฒนา แขวงทวีวัฒนา เขตทวีวัฒนา, เขตทวีวัฒนา,54,0,0
16, สวน 60 พรรษา สมเด็จพระนางเจ้าฯ พระบรมราชินีนาถ, ถนนเคหะร่มเกล้า แขวงคลองสองต้นนุ่น เขตลาดกระบัง, เขตลาดกระบัง,52,1,69
17, สวนพระนคร (สวนลาดกระบัง), ถนนอ่อนนุช แขวงลาดกระบัง เขตลาดกระบัง, เขตลาดกระบัง,50,0,0
18, สวนวนธรรม (สวนธรรม 70 พรรษา มหาราชินี), ถนนเฉลิมพระเกียรติ ร.9 ซอย 7 (ประดู่) แขวงหนองบอน เขตประเวศ, เขตประเวศ,38,1,3
19, สวนเทียนทะเลพัฒนาพฤกษาภิรมย์, ถนนบางขุนเทียนชายทะเล แขวงท่าข้าม เขตบางขุนเทียน, เขตบางขุนเทียน,37,0,0
20, สวนหนองจอก, ถนนเลียบวารี แขวงกระทุ่มราย เขตหนองจอก, เขตหนองจอก,35,2,0
21, สวนวัชราภิรมย์, ถนนรามอินทรา แขวงท่าแร้ง เขตบางเขน, เขตบางเขน,34,0,0
22, สวนสิริภิรมย์, ถนนประชาร่วมใจ แขวงทรายกองดินใต้ เขตมีนบุรี, เขตมีนบุรี,32,1,33
23, สวนวนาภิรมย์ร่มเกล้า, ถนนกรุงเทพกรีฑาตัดใหม่-ถนนเจ้าคุณทหาร กับถนนร่มเกล้า เขตลาดกระบัง, เขตลาดกระบัง,30,0,0
24, สวนสาธารณะเฉลิมพระเกียรติ 6 รอบ พระชนมพรรษา, ถนนพระรามที่ 3 แขวงบางโคล่ เขตบางคอแหลม, เขตบางคอแหลม,29,0,0
25, สวนรมณีนาถ, ถนนศิริพงษ์ แขวงสำราญราษฎร์ เขตพระนคร, เขตพระนคร,29,3,72
26, อุทยานเบญจสิริ, ถนนสุขุมวิท แขวงคลองตัน เขตคลองเตย, เขตคลองเตย,29,0,0
27, สวนหลวงพระราม 8, ถนนอรุณอัมรินทร์ แขวงบางยี่ขัน เขตบางพลัด, เขตบางพลัด,24,0,0
28, สวนสราญรมย์, ถนนเจริญกรุง แขวงพระบรมมหาราชวัง เขตพระนคร, เขตพระนคร,23,0,0
29, สวนสาธารณะบึงน้ำลาดพร้าว 71, ถนนลาดพร้าว แขวงลาดพร้าว เขตลาดพร้าว, เขตลาดพร้าว,21,0,68
30, สวนเฉลิมพระเกียรติ 80 พรรษา พระบาทสมเด็จพระเจ้าอยู่หัว (บางกอกน้อย), ถนนบางขุนนนท์ แขวงบางขุนนนท์ เขตบางกอกน้อย, เขตบางกอกน้อย,21,3,42
31, สวนสันติภาพ, ถนนราชวิถี แขวงพญาไท เขตราชเทวี, เขตราชเทวี,20,0,80
32, สวน 50 พรรษา มหาจักรีสิรินธร, ถนนเฉลิมพระเกียรติ ร.9 แขวงดอกไม้ เขตประเวศ, เขตประเวศ,20,0,49
33, สวนปทุมวนานุรักษ์,ข้างศูนย์การค้าเซ็นทรัลเวิลด์ , เขตปทุมวัน,20,0,0
34, สวนเฉลิมพระเกียรติ 80 พรรษา พระบาทสมเด็จพระเจ้าอยู่หัว (สาทร), ถนนสาทร แขวงทุ่งมหาเมฆ เขตสาทร, เขตสาทร,17,2,58
35, สวนรมณีย์ทุ่งสีกัน, ถนนเวฬุวนาราม แขวงทุ่งสีกัน เขตดอนเมือง, เขตดอนเมือง,15,2,74
36, สวนพระยาภิรมย์, ถนนราษฎร์อุทิศ แขวงแสนแสบ เขตมีนบุรี, เขตมีนบุรี,10,3,27
37, สวนสาธารณะสันติชัยปราการ, ถนนพระอาทิตย์ แขวงบางลำพู เขตพระนคร, เขตพระนคร,8,2,0
38, สวนราษฎร์ภิรมย์, ซอยสุวินทวงศ์47 แขวงลำต้อยติ่ง เขตหนองจอก, เขตหนองจอก,7,2,49
39, สวนสิรินธราพฤกษาพรรณ, ถนนจรัญสนิทวงศ์ แขวงบางขุนศรี เขตบางกอกน้อย, เขตบางกอกน้อย,3,0,16
40, สวนจรัญภิรมย์, ถนนจรัญสนิทวงศ์ แขวงบางยี่ขัน เขตบางพลัด, เขตบางพลัด,3,1,93
